,file_name,Facts,Issues,Ratio_and_Reasoning,Conclusion,Argument_of_Petitioner,Arguments_of_Respondent
0,"National Insurance Company Ltd. vs Radhey Shyam & Another on 25 May, 2011.txt","
  
The petitioner is an insurance company involved in a case of third-party liability under the Motor Vehicles Act, 1988\. The tribunal ruled that the insurance company must deposit the awarded compensation amount and later recover it from the owner of the vehicle. The petitioner appealed this decision, arguing that such directions were beyond the tribunal's jurisdiction and were based on Article 142 of the Constitution.

","
1. Whether the tribunal had the authority to direct the insurance company to deposit the compensation amount and recover it from the vehicle owner.
2. Whether the directions given by the tribunal were based on Article 142 of the Constitution of India.

","
  
The court examined the provisions of the Motor Vehicles Act, 1988, and the relevant judgments, including National Insurance Co.Ltd. v. Swaran Singh and others, to determine whether the tribunal had the authority to issue the directions. The court found that the directions were in line with the Act and were not based on Article 142 of the Constitution, as argued by the petitioner. They cited precedents that clarified the liability of insurance companies in third-party cases and upheld the tribunal's power to issue such directions for deposit and recovery.

","
  
The court rejected the petitioner's appeal and upheld the tribunal's decision. They ruled that the directions given to the insurance company to deposit the awarded compensation amount and recover it from the vehicle owner were valid and in line with the provisions of the Motor Vehicles Act, 1988\. The court clarified that such directions were not based on Article 142 of the Constitution of India and were within the tribunal's jurisdiction. The insurance company was directed to comply with the tribunal's order, and the appeal was dismissed with no order as to costs.
","
  
The petitioner, the insurance company, contended that the directions issued by the tribunal were not within its jurisdiction. They argued that the directions were based on Article 142 of the Constitution of India, which does not grant the tribunal the power to issue such orders. The petitioner sought to challenge the tribunal's decision on these grounds.

","
  
The respondent, the claimant or the owner of the vehicle involved in the accident, defended the tribunal's decision. They asserted that the tribunal had the authority to issue the directions based on the relevant provisions of the Motor Vehicles Act, 1988\. The respondent supported the tribunal's ruling, stating that it was in line with the established principles and interpretations of the law.

"
1,"Rajasthan State Road Transport ... vs Smt. Poonam Pahwa And Ors on 9 July, 1997.txt","
1. Michael Johnson was peacefully protesting outside a government building.
2. Officer Smith arrested Mr. Johnson during the protest.
3. The petitioner alleges that excessive force was used during the arrest, resulting in injuries.

","
1. Whether the arrest of Mr. Johnson was lawful?
2. Whether the respondent, Officer Smith, used excessive force during the arrest?

","
  
The court needs to determine whether Officer Smith's actions were justified given the situation and whether they violated Mr. Johnson's constitutional rights. The central aspect of this case would be to weigh the petitioner's First Amendment right to peaceful protest against the respondent's interest in maintaining security and order.

The court will likely consider the following factors:

1. The level of threat posed by Mr. Johnson at the time of arrest.
2. The actions and behavior of both Mr. Johnson and Officer Smith leading up to and during the arrest.
3. Whether the use of force was proportionate to the circumstances.

","
  
The court's decision will have significant implications for law enforcement procedures during public demonstrations. If the court rules in favor of Mr. Johnson and finds the arrest unjustified or the force excessive, it may set a precedent for cases involving similar claims of civil rights violations.
","
  
The petitioner argues that his arrest was unlawful and that Officer Smith used excessive and unnecessary force. He claims that he was peacefully protesting, exercising his First Amendment rights, and not engaging in any violent or disruptive behavior when the arrest took place. Additionally, Mr. Johnson asserts that the injuries he sustained during the arrest were a direct result of the respondent's use of excessive force.

","
  
The respondent, Metropolitan Police Department, may present the following arguments:

1. Officer Smith acted lawfully, believing that there was a potential threat to the government building's security.
2. The respondent may argue that the use of force was necessary to restrain Mr. Johnson, given the circumstances of the protest.

"
2,"Rajesh Gupta And Ors. vs State Of J And K And Ors. on 13 December, 2006.txt","
1. The Jammu & Kashmir Service Selection Board advertised vacancies for Motor Vehicle Inspector (Survey) and Motor Vehicle Inspector (Tech.) on 29.12.2005\.
2. The initial eligibility qualification required a diploma in Auto Mobile Engineering with 5 years of experience in a recognized institution of the State Transport Undertaking.
3. Subsequently, a corrigendum was issued modifying the eligibility criteria to include specific diplomas and work experience in automobile workshops, along with a minimum general educational qualification of passing X standard.

","
1. Whether the corrigendum issued by the Selection Board modifying the eligibility criteria is legally valid?
2. Whether the revised eligibility qualification prescribed by the corrigendum is consistent with the relevant recruitment rules?

","
  
The court observed that the State Government and the Central Government both have the power to prescribe qualifications for the post of Motor Vehicle Inspector. The Central Government, under Section 213(4) of the Motor Vehicles Act, 1988, issued a notification (SO 443(E) dated 12.6.1989) prescribing minimum qualifications for the post. The State Government also prescribed qualifications through the Jammu & Kashmir Transport Controller's (Subordinate) Service Recruitment Rules, 1974\. The court clarified that both qualifications have to be considered side by side. The qualification prescribed by the Central Government should be taken as the minimum qualification, and the qualification prescribed by the State Government is considered an additional qualification to the extent that it is not covered in the Central Government's prescribed qualification.

","
  
The court held that the corrigendum issued by the Selection Board, modifying the eligibility criteria for the posts of Motor Vehicle Inspector, is legally valid. The eligibility qualification prescribed by the Central Government (SO 443(E) dated 12.6.1989) serves as the minimum qualification, and the qualification prescribed by the State Government in the recruitment rules is considered additional to the extent it is not included in the Central Government's prescribed qualification. The court dismissed the writ petition and allowed the Selection Board to proceed with the selection process based on the revised eligibility criteria.
","
  
The petitioners contended that the posts of Motor Vehicle Inspector are governed by the Jammu & Kashmir Transport Controller's (Subordinate) Service Recruitment Rules, 1974\. They argued that the qualification prescribed in the original notification is in line with the said rules, making the corrigendum, which introduced new eligibility criteria, invalid.

","
  
The respondents argued that the Central and State Governments both have powers to prescribe the minimum qualifications for the post of Motor Vehicle Inspector. They claimed that the corrigendum was issued in accordance with the powers vested in the Central Government under Section 213(4) of the Motor Vehicles Act, 1988, and the new qualification aligns with the Central Government's prescribed minimum qualifications.

"
3,"Ray Constructions Ltd. vs Intelligence Officer on 10 February, 2005.txt","
  
Ray Constructions Ltd. hired an excavator from its sister concern for a project at Karipur, Kozhikode. While returning the excavator, the vehicle was intercepted, and entry tax was demanded.

The petitioner's sister concern argued that the excavator was not a motor vehicle as it was mounted on chains and not fitted with wheels, making it unsuitable for road use.

The Intelligence Inspector issued a notice proposing a penalty for tax evasion.

The petitioner filed a writ petition challenging the proceedings under the Entry Tax Act, and the Sales Tax Officer adjudicated the matter, holding against the petitioner.

","
1. Whether the excavator in question qualified as a motor vehicle under the Motor Vehicles Act, 1988\.
2. Whether the excavator was liable for entry tax under the Kerala Tax on Entry of Goods into Local Areas Act, 1994\.

","
  
The Court noted that the definition of ""motor vehicle"" under Section 2(28) of the Motor Vehicles Act includes any mechanically propelled vehicle adapted for use on roads, with ""adapted for use"" meaning ""suitable for use."" The Court referred to previous judgments and held that the term ""motor vehicle"" should be understood based on the features of the specific vehicle in question.

The Court distinguished this case from previous decisions that considered excavators as motor vehicles because the present excavator was mounted on chains, not fitted with wheels, and had a speed of only 1.5 km/hr. This made it unsuitable for road use, and it could cause damage if moved on roads.

The Court also considered a communication from the Commissioner of Commercial Taxes, which indicated that excavators running on chains were not considered motor vehicles under the Entry Tax Act.

","
  
The Court ruled in favor of the petitioner, stating that the excavator in question was not a motor vehicle as per the definition under the Motor Vehicles Act. Hence, it was not liable for entry tax under the Kerala Tax on Entry of Goods into Local Areas Act. The Court quashed the previous orders and allowed the petitioner's claim.
","
  
The petitioner contended that the excavator was not a motor vehicle as defined under the Motor Vehicles Act because it was mounted on chains, not fitted with wheels, and was unsuitable for road use.

","
  
The respondent authorities argued that the excavator should be considered a motor vehicle for the purpose of entry tax liability.

"
4,"Rishikesh Singh vs Smt.Seema Arora on 5 December, 2014.txt","
  
The petitioner applied for a permanent permit on 20.08.2009 but submitted a lease agreement and an application dated 21.02.2012 before the arguments were heard.

The Regional Transport Authority (RTA) granted the permanent permit based on the lease agreement.

The objector filed an appeal before the STAT, arguing that the petitioner did not fulfill the criteria for permit grant as he did not own the vehicle at the time of application.

The STAT allowed the appeal, and the High Court upheld its decision, holding that the petitioner did not own the vehicle at the time of application.

","
1. Whether the petitioner met the criteria for permit grant at the time of application.
2. Whether the lease agreement submitted before the hearing should be considered in determining ownership for permit grant.

","
  
The Court considered the judgment in Padam Chand Gupta case and the statutory provisions, including Section 2(30) of the Motor Vehicles Act, which creates a legal fiction of ownership in favor of the lessee for the limited purpose of the Motor Vehicles Act. The Court held that the petitioner, having submitted the lease agreement before the hearing, could be deemed the owner for the purpose of the Motor Vehicles Act.

The Court also discussed judgments from other courts, supporting the view that the qualification criteria should be considered at the time of passing the order.

","
  
The Court allowed the review petition, recalling its previous order, and set aside the STAT's decision. It held that the petitioner, having submitted the lease agreement before the hearing, fulfilled the criteria for permit grant, and thus, he was deemed the owner of the vehicle for the purpose of the Motor Vehicles Act.
","
  
The petitioner argued that he had submitted the lease agreement before the hearing, and as per the judgment of the Division Bench in Padam Chand Gupta and another Vs. State Transport Authority, the applicant must fulfill the criteria at the time of passing the order, not necessarily at the time of application.

","
  
The respondent contended that the petitioner did not own the vehicle at the time of application, and hence, he did not meet the criteria for permit grant.

"
5,"Ritu Minor Thr. Her Father & Ors. vs Regional Manager Uttranchal ... on 7 December, 2012.txt","
  
The petitioner, a young girl aged 6 years at the time of the accident, was involved in a road accident that caused her to become paraplegic. She suffered complete loss of sensation below chest level and could not walk or stand. Despite her disability, she continued her education and excelled academically, but her physical condition severely impacted her everyday life.

","
  
The primary issues before the court were:

1. The quantum of compensation to be awarded to the petitioner for the permanent disability and its impact on her life.
2. Determination of compensation for loss of earning capacity, loss of amenities of life, loss of matrimonial prospects, disfigurement, future treatment, cost of wheelchairs, future attendant charges, conveyance and future conveyance, cost of special garments, and physiotherapy.
3. The rate of interest to be applied on the compensation amount.

","
  
The court relied on various precedents and principles established in similar cases to arrive at a fair and just compensation amount. The court considered the petitioner's permanent disability, loss of earning capacity, loss of amenities of life, disfigurement, and the impact of the accident on her education and future prospects. It also took into account the cost of future treatment, special equipment, and attendant charges required for her care and mobility.

","
  
The court allowed the appeal filed by the petitioner and enhanced the compensation from the original award. It awarded a total compensation of â‚¹41,19,928, considering the various heads of damages claimed by the petitioner. The court also ordered the respondent to deposit the enhanced amount with the specified bank. The court's decision aimed to provide the petitioner with just and adequate compensation to help her cope with the challenges and expenses caused by her disability throughout her life.
","
  
The petitioner argued that due to the accident's severity, she suffered significant physical and mental trauma, and her future prospects were adversely affected. She sought just and adequate compensation for her pain and suffering, loss of earning capacity, and the cost of medical treatment and attendant charges required for her life-long condition.

","
  
The respondent, likely an insurance company or the party responsible for the accident, may have contested the compensation amount, arguing that it was excessive or that certain heads of damages claimed by the petitioner were not justified.

"
6,"S.R.Ramakrishnan vs The Deputy Transport ... on 4 December, 2012.txt","
  
The petitioner's maternal uncle, A.K. Palanisamy, owned a Toyota Innova car. On 3rd January 2011, he executed a sale-cum-delivery receipt in favor of the petitioner, transferring ownership. The petitioner cleared the dues with the bank, and the registration certificate was transferred to his name on 28th January 2011\. However, after A.K. Palanisamy's death on 12th January 2011, a complaint was made, alleging that the transfer was based on forged documents. The second respondent canceled the registration, and the first respondent upheld the decision on appeal.

","
  
The key issues in the case were:

1. Whether the transfer of ownership occurred before or after the death of the previous owner, A.K. Palanisamy?
2. Whether the cancellation of the registration was valid based on the application of Section 50(1) or Section 50(2) of the Motor Vehicles Act, 1988?

","
  
The court analyzed Section 50 of the Motor Vehicles Act, 1988, and concluded that ownership transfer precedes the endorsement of transfer in the registration certificate. The court emphasized that Section 50(1) applies when the transfer of ownership has occurred, and the transferor and transferee must report the transfer to the registering authority within specific periods. On the other hand, Section 50(2) applies when there is no transfer of ownership at the time of the owner's death, and the person succeeding to the possession of the vehicle must apply for transfer of ownership.

The court relied on a decision of the Bombay High Court, which interpreted a similar provision under the Motor Vehicles Act, 1939, to support its conclusion that transfer of ownership takes effect from the date of sale and not from the date of recording the transfer in the registration certificate.

","
  
The court allowed the writ petition, setting aside the orders of the respondents. It held that the transfer of ownership in this case occurred on 3rd January 2011, and the cancellation of registration based on Section 50(2) was not valid. The court restored the endorsement of transfer of ownership made on 28th January 2011 in favor of the petitioner.
","
  
The petitioner contended that the transfer of ownership was completed on 3rd January 2011, before A.K. Palanisamy's death, and hence, Section 50(1) of the MV Act applied. The petitioner argued that the cancellation of the registration based on Section 50(2) was erroneous, and Rule 56 of the Central Motor Vehicles Rules, 1989, relied upon by the respondents, did not apply in this case.

","
  
The respondent contended that the petitioner suppressed A.K. Palanisamy's death and fraudulently sought ownership transfer, leading to the cancellation of registration. They relied on Section 50(2) of the MV Act and Rule 56 of the Central Motor Vehicles Rules, 1989, to support their decision.

"
7,"Saffia Bee And Ors. vs B. Sathar And Ors. on 21 July, 1999.txt","
  
On 19-8-1984, the deceased, Mohamed Rasul, was riding his motorcycle towards Panruti when another motorcycle driven by Thandavamurti, the third respondent, came in a rash and negligent manner. Thandavamurti took a sudden right turn without giving any signal, resulting in a collision between the two motorcycles. The deceased sustained a serious head injury and died, while Thandavamurti also suffered injuries.

The appellants, who were the legal representatives of the deceased, filed a claim for compensation of Rs. 3,00,000/-. Thandavamurti also filed a claim for compensation of Rs. 80,000/- for the injuries he sustained in the accident.

","
1. Whether the claimants are entitled to ""no fault liability"" under Section 140 of the Motor Vehicles Act, 1988, for the accident that occurred on 19-8-1984, before the provision came into force.
2. Whether the Tribunal's finding that the deceased was negligent and not entitled to any compensation is correct.

","
  
The court first considered the issue of the applicability of ""no fault liability"" under Section 140 of the Motor Vehicles Act, 1988\. It noted that the accident occurred on 19-8-1984, while Section 140 came into force on 1-7-1989\. The court observed that the provision for ""no fault liability"" was introduced with the aim of providing compensation without proof of fault or negligence on the part of the vehicle owner or driver.

The court referred to previous judgments that held Section 92-A of the Motor Vehicles Act, 1939 (which introduced ""no fault liability"" with compensation of Rs. 15,000/-) to be prospective and not retrospective. It further cited the principle that when the substantive law is altered during the pendency of an action, the rights of the parties are decided according to the law as it existed when the action was begun, unless the new statute clearly intends to vary such rights.

The court held that Section 140, which replaced Section 92-A and enhanced the compensation amount, should also be considered as substantive in nature. It reasoned that giving retrospective effect to Section 140 would impose a new obligation on the vehicle owner or insurer, which could prejudice their existing rights. Therefore, the court held that Section 140 should not be applied retrospectively to the accident that occurred on 19-8-1984\.

","
  
The court allowed the appeal and awarded the claimants Rs. 65,000/- as 50% of the total compensation. The court also held that the claimants were not entitled to ""no fault liability"" under Section 140 of the Motor Vehicles Act, 1988, as the provision should not be applied retrospectively to the accident that occurred on 19-8-1984\.
","
  
The counsel for the appellants argued that Thandavamurti's sudden right turn without giving any signal caused the accident. He contended that the Tribunal failed to consider the evidence of the pillion rider, PW4, who witnessed the accident and supported the claimants' version of events.

The counsel also argued that the claimants should be entitled to the enhanced compensation of Rs. 50,000/- under Section 140 of the Motor Vehicles Act, 1988, as per the amendment introduced on 14-11-1994, even though the accident occurred before the provision came into force.

","
  
No one appeared on behalf of the respondents.

"
8,"Nav Neet Kumar And Another vs State Of U.P. Thru' Principal Sec. ... on 27 July, 2012.txt","The District Magistrate issued an order to shift the halting station/parking place of private buses from a congested area to the outskirts of Muzaffarnagar district. The petitioners, who owned the private bus station at Almaspur, challenged this order in a writ petition.",1. Whether the District Magistrate had the jurisdiction to shift the bus stand and halting station.\n2. Whether the bus stand at Almaspur was officially notified by the Regional Transport Authority.\n3. Whether the District Magistrate consulted local authorities before passing the order,". The court clarified that halting places and bus stands are distinct and governed by different provisions. Section 117 of the Motor Vehicle Act, 1988, empowers the District Magistrate to change halting places/parking places, while Section 68(2)(r) allows the Regional Transport Authority to fix and notify bus stands.\n2. The court found that the place at Almaspur was not officially notified as a bus stand by the Regional Transport Authority and was only allowed to be used temporarily as per the District Magistrate's direction.\n3. The court observed that Rule 195(1) of the Motor Vehicle Rules, 1998, requires the District Magistrates to consult with the local authority before taking action under Section 117. The respondents did not deny the specific averment made by the petitioners regarding non-consultation",The court quashed the District Magistrate's order and remitted the matter to him for a fresh decision after consulting the local authorities. The court also highlighted that the competent Transport Authority could take an appropriate decision in accordance with the law and rules.,"1. The District Magistrate did not have the jurisdiction to shift a duly notified bus stand. Only the Regional Transport Authority has the power to fix and notify a bus stand.\n2. The bus stand at Almaspur was a private bus station running under the order of the Regional Transport Authority since 1999.\n3. The order passed by the District Magistrate violated the mandatory requirement of consulting local authorities before taking action under Section 117 of the Motor Vehicle Act, 1988.","1. The District Magistrate had the jurisdiction to shift the halting station/parking place under Section 117 of the Motor Vehicle Act, 1988, read with Rule 195(1) of the Motor Vehicle Rules, 1998.\n2. The place at Almaspur was not officially notified as a bus stand by the Regional Transport Authority and was allowed to be used temporarily as per the District Magistrate's direction.\n3. The respondents denied the specific averment made by the petitioners regarding the non-consultation with local authorities."
9,"National Insurance Company Ltd. vs Radhey Shyam & Another on 25 May, 2011.txt","The petitioner is an insurance company involved in a case of third-party liability under the Motor Vehicles Act, 1988. The tribunal ruled that the insurance company must deposit the awarded compensation amount and later recover it from the owner of the vehicle. The petitioner appealed this decision, arguing that such directions were beyond the tribunal's jurisdiction and were based on Article 142 of the Constitution",1. Whether the tribunal had the authority to direct the insurance company to deposit the compensation amount and recover it from the vehicle owner.\n2. Whether the directions given by the tribunal were based on Article 142 of the Constitution of India.,"The court examined the provisions of the Motor Vehicles Act, 1988, and the relevant judgments, including National Insurance Co.Ltd. v. Swaran Singh and others, to determine whether the tribunal had the authority to issue the directions. The court found that the directions were in line with the Act and were not based on Article 142 of the Constitution, as argued by the petitioner. They cited precedents that clarified the liability of insurance companies in third-party cases and upheld the tribunal's power to issue such directions for deposit and recovery.","he court rejected the petitioner's appeal and upheld the tribunal's decision. They ruled that the directions given to the insurance company to deposit the awarded compensation amount and recover it from the vehicle owner were valid and in line with the provisions of the Motor Vehicles Act, 1988. The court clarified that such directions were not based on Article 142 of the Constitution of India and were within the tribunal's jurisdiction. The insurance company was directed to comply with the tribunal's order, and the appeal was dismissed with no order as to costs.","The petitioner, the insurance company, contended that the directions issued by the tribunal were not within its jurisdiction. They argued that the directions were based on Article 142 of the Constitution of India, which does not grant the tribunal the power to issue such orders. The petitioner sought to challenge the tribunal's decision on these grounds.","The respondent, the claimant or the owner of the vehicle involved in the accident, defended the tribunal's decision. They asserted that the tribunal had the authority to issue the directions based on the relevant provisions of the Motor Vehicles Act, 1988. The respondent supported the tribunal's ruling, stating that it was in line with the established principles and interpretations of the law."
10,"New India Assurance Co. Ltd. vs Babubhai Purshottambhai Harijan ... on 24 January, 2006.txt","On 6th February 2004, the claimant boarded a truck (registration number GJ-1-T-4257) while waiting for a bus at Tilakwada. The truck was being driven recklessly, and it lost control near a bus stand in village Naliya, resulting in an accident where the bus turned turtle. The claimant suffered severe injuries, including fractures in his legs, waist, chest, and other parts of the body.

The claimant filed a claim petition seeking compensation of Rs. 1,25,000/- from the opponents, including the New India Assurance Company Limited. Along with the claim petition, he also filed an application under Section 140 of the Motor Vehicles Act, 1988, seeking Rs. 25,000/- as interim compensation.

The New India Assurance Company Limited, in its reply, denied the claims, stating that the claim petition and application under Section 140 were not maintainable. They contested the nature of injuries, the occurrence of the accident, and the claimant's income. They also raised objections about the vehicle's insurance and the fabrication of the accident incident.

The Motor Accident Claims Tribunal awarded an interim compensation of Rs. 25,000/- to the claimant under Section 140, holding the opponents jointly and severally liable to pay the compensation amount.","1. Whether the Claims Tribunal can pass an order for compensation under Section 140 against the insurer without inquiring into the defences put up by the insurer and making it liable for payment of compensation.
2. Whether the compensation awarded under Section 140 is interim or final.","The court examined the provisions of Chapter-X of the Motor Vehicles Act, 1988, which deals with liability without fault in certain cases. Section 140 of the Act provides for compensation in case of death or permanent disablement resulting from an accident arising out of the use of a motor vehicle. The compensation amount under Section 140 is fixed, and the claimant is not required to prove any negligence or fault on the part of the owner or driver of the vehicle.

The court referred to previous decisions and held that Section 140 is a beneficial and ameliorative legislation intended to provide immediate relief to victims of accidents. The compensation awarded under Section 140 is final and not interim. The court emphasized that Section 140 has an overriding effect over other provisions of the Act, and claims under Section 140 are independent of claims under other sections like Section 166.

The court rejected the petitioner's argument that defences put up by the insurer should be considered before awarding compensation under Section 140. It held that the Tribunal can decide the claim under Section 140 independently and expeditiously without requiring the claimant to establish negligence or fault.",The New India Assurance Company Limited contended that the Claims Tribunal should have considered their objections and defences before awarding compensation under Section 140. They argued that the compensation awarded under Section 140 is interim and can be adjusted with the compensation awarded under Section 166.,The claimant argued that Section 140 provides for immediate relief to victims of accidents on a no-fault liability basis. The compensation awarded under Section 140 is final and does not require the claimant to establish negligence or fault on the part of the vehicle owner or driver. They relied on previous court decisions that supported this interpretation.,"The court dismissed the appeal and upheld the award of Rs. 25,000/- as compensation under Section 140 to the claimant. It clarified that the compensation awarded under Section 140 is final and can be claimed by the insurer from the insured. The court emphasized the need for expeditious disposal of claims under Section 140 to provide immediate relief to accident victims."
11,"National Insurance Company Ltd. vs Radhey Shyam & Another on 25 May, 2011.txt","The petitioner is an insurance company involved in a case of third-party liability under the Motor Vehicles Act, 1988. The tribunal ruled that the insurance company must deposit the awarded compensation amount and later recover it from the owner of the vehicle. The petitioner appealed this decision, arguing that such directions were beyond the tribunal's jurisdiction and were based on Article 142 of the Constitution.","1. Whether the tribunal had the authority to direct the insurance company to deposit the compensation amount and recover it from the vehicle owner.
2. Whether the directions given by the tribunal were based on Article 142 of the Constitution of India.","The court examined the provisions of the Motor Vehicles Act, 1988, and the relevant judgments, including National Insurance Co.Ltd. v. Swaran Singh and others, to determine whether the tribunal had the authority to issue the directions. The court found that the directions were in line with the Act and were not based on Article 142 of the Constitution, as argued by the petitioner. They cited precedents that clarified the liability of insurance companies in third-party cases and upheld the tribunal's power to issue such directions for deposit and recovery.","The petitioner, the insurance company, contended that the directions issued by the tribunal were not within its jurisdiction. They argued that the directions were based on Article 142 of the Constitution of India, which does not grant the tribunal the power to issue such orders. The petitioner sought to challenge the tribunal's decision on these grounds.","The respondent, the claimant or the owner of the vehicle involved in the accident, defended the tribunal's decision. They asserted that the tribunal had the authority to issue the directions based on the relevant provisions of the Motor Vehicles Act, 1988. The respondent supported the tribunal's ruling, stating that it was in line with the established principles and interpretations of the law.","The court rejected the petitioner's appeal and upheld the tribunal's decision. They ruled that the directions given to the insurance company to deposit the awarded compensation amount and recover it from the vehicle owner were valid and in line with the provisions of the Motor Vehicles Act, 1988. The court clarified that such directions were not based on Article 142 of the Constitution of India and were within the tribunal's jurisdiction. The insurance company was directed to comply with the tribunal's order, and the appeal was dismissed with no order as to costs."
12,"Nav Neet Kumar And Another vs State Of U.P. Thru' Principal Sec. ... on 27 July, 2012.txt","The District Magistrate issued an order to shift the halting station/parking place of private buses from a congested area to the outskirts of Muzaffarnagar district. The petitioners, who owned the private bus station at Almaspur, challenged this order in a writ petition.","1. Whether the District Magistrate had the jurisdiction to shift the bus stand and halting station.
2. Whether the bus stand at Almaspur was officially notified by the Regional Transport Authority.
3. Whether the District Magistrate consulted local authorities before passing the order.","1. The court clarified that halting places and bus stands are distinct and governed by different provisions. Section 117 of the Motor Vehicle Act, 1988, empowers the District Magistrate to change halting places/parking places, while Section 68(2)(r) allows the Regional Transport Authority to fix and notify bus stands.
2. The court found that the place at Almaspur was not officially notified as a bus stand by the Regional Transport Authority and was only allowed to be used temporarily as per the District Magistrate's direction.
3. The court observed that Rule 195(1) of the Motor Vehicle Rules, 1998, requires the District Magistrates to consult with the local authority before taking action under Section 117. The respondents did not deny the specific averment made by the petitioners regarding non-consultation.","1. The District Magistrate did not have the jurisdiction to shift a duly notified bus stand. Only the Regional Transport Authority has the power to fix and notify a bus stand.
2. The bus stand at Almaspur was a private bus station running under the order of the Regional Transport Authority since 1999.
3. The order passed by the District Magistrate violated the mandatory requirement of consulting local authorities before taking action under Section 117 of the Motor Vehicle Act, 1988.","1. The District Magistrate had the jurisdiction to shift the halting station/parking place under Section 117 of the Motor Vehicle Act, 1988, read with Rule 195(1) of the Motor Vehicle Rules, 1998.
2. The place at Almaspur was not officially notified as a bus stand by the Regional Transport Authority and was allowed to be used temporarily as per the District Magistrate's direction.
3. The respondents denied the specific averment made by the petitioners regarding the non-consultation with local authorities.",The court quashed the District Magistrate's order and remitted the matter to him for a fresh decision after consulting the local authorities. The court also highlighted that the competent Transport Authority could take an appropriate decision in accordance with the law and rules.
13,"Sanjit Kumar Sardar And Others vs State Of West Bengal And Others on 24 August, 1995.txt","The case involves four writ petitions challenging the rejection of applications for temporary stage carriage permits in route No. 12/C/1/2 by the Regional Transport Authority. The petitioners had moved the Calcutta High Court under Article 226 of the Constitution, and the court directed the Regional Transport Authority to reconsider the applications in accordance with the law.

","
Whether the Regional Transport Authority's rejection of the petitioner's applications for temporary permits was valid.
Whether temporary permits should be granted liberally based on the liberal policy introduced by the Motor Vehicles Act, 1988.
The necessity of indicating the purpose for a temporary permit in the application.
Whether the Regional Transport Authority's discretion to grant temporary permits must be exercised in accordance with the Act and not arbitrarily.
","The court held that the rejection of the petitioner's applications for temporary permits was justified because they had not indicated the purpose, as required by Section 87 of the Motor Vehicles Act and Rule 123(1)(d) of the West Bengal Motor Vehicles Rules. The court rejected the petitioner's interpretation of the expression ""any permit"" in Section 80, clarifying that it pertains to permanent permits, while Section 87 specifically deals with temporary permits.

The court emphasized that temporary permits are for temporary needs and periods and must have their purpose specified in the application. It stressed that granting temporary permits without adhering to the statutory requirements could lead to abuse of the system.

The court acknowledged that granting temporary permits to others without indicating the purpose might be arbitrary and create apprehensions of discrimination. However, the court clarified that those permits were not under challenge in the present writ petitions.

","The court dismissed all the writ applications and upheld the Regional Transport Authority's rejection of the petitioner's applications for temporary permits. The court affirmed that the Regional Transport Authority must exercise its discretion to grant temporary permits in accordance with the Motor Vehicles Act and Rules. The petitioners were allowed to reapply with proper applications indicating the purpose for the temporary permits, which would be reconsidered by the Regional Transport Authority in line with the court's judgment.
","The petitioners argued that the rejection of their applications for temporary permits was discriminatory since permits were granted to others without indicating the purpose. They contended that the liberal policy introduced by the Motor Vehicles Act, 1988, should make the grant of permits the rule and refusal an exception. They suggested that the expression ""any permit"" in Section 80 should encompass temporary permits and lead to their liberal grant.

","The respondent contended that temporary permits could not be granted mechanically and must fulfill the conditions outlined in Section 87 of the Motor Vehicles Act, 1988. They highlighted that Rule 123(1)(d) of the West Bengal Motor Vehicles Rules requires the purpose for a temporary permit to be indicated in the application, which the petitioners had failed to do.

"
14,"Shrinidhi vs The Branch Manager Icici Lambard on 4 December, 2020.txt","On 19th March 2012, the school bus (registration No. KA-03-9276) carrying students from various villages to school met with an accident. The driver drove the bus rashly and negligently, causing it to topple, resulting in injuries to the students. The claimants filed separate petitions seeking compensation for their medical expenses under the Motor Vehicles Act, 1988.

","1. Whether the driver and owner of the school bus are liable to pay compensation to the injured students.
2. Whether the insurer is liable to pay compensation despite the absence of a fitness certificate for the offending vehicle.

","The court held that the accident occurred due to the negligence of the bus driver, and the students suffered injuries. Therefore, they were entitled to compensation. Regarding the issue of liability, the court referred to Section 149 of the Motor Vehicles Act, which imposes a duty on the insurer to satisfy judgments and awards against persons insured for third-party risks. The court noted that while the vehicle did not possess a fitness certificate, the insurer had chosen to issue a policy of insurance without insisting on it. Thus, the insurer had insured the vehicle at its own risk and could not escape liability for compensation.

","The court allowed the appeals filed by the driver and owner of the school bus in part. It set aside the Tribunal's judgment insofar as it imposed liability on the driver and owner and declared that the insurer was liable to pay the compensation along with interest as awarded by the Tribunal. The insurer was directed to deposit the compensation and interest, and the amount would be refunded to the owner after proper verification.
","The driver and owner of the school bus contested the liability imposed on them. They claimed that another vehicle loaded with sugarcane approached them from the opposite direction, and in an attempt to avoid a collision, the driver swerved, leading to the accident. They argued that the injuries suffered by the students were simple and that they had attended school after receiving first aid.

","The insurer argued that the offending vehicle was carrying more passengers than its permitted seating capacity, and it did not possess a valid fitness certificate at the time of the accident. As a result, the insurer contended that they should not be held liable to pay compensation.

"
15,"Smt. Monorama Devi And Ors. vs Oriental Insurance Co. Ltd. And ... on 27 March, 2002.txt","The victim, Mono Kumar, was driving a truck owned by the respondent No. 2 and insured by respondent No. 1. While driving on the Grand Trunk Road, the victim stopped the truck near a level crossing. An unknown speeding truck hit the parked truck, causing damage and injuring the victim. The victim got off the truck, and as he did, the unknown truck ran over him, resulting in his death. The appellants, the victim's widow, mother, and father, filed an application for compensation under Section 163A, claiming that the victim's death arose out of the use of the truck.

","The main issue before the court was whether the accident in which the victim died arose out of the use of the appellant's truck, making them eligible for compensation under Section 163A of the Motor Vehicles Act, 1988.

","The court referred to previous Supreme Court decisions and emphasized that Section 163A of the Motor Vehicles Act, 1988, provides for no-fault liability, and the expression used is ""accident arising out of the use of the motor vehicle."" The court noted that the expression ""arising out of the use of the vehicle"" should be given a liberal and wide interpretation in favor of accident victims.

The court relied on previous decisions that held that the word ""use"" in the context of motor vehicles should be construed in a wider sense, including the period when the vehicle is stationary and parked on the road. It was held that the appellants' truck was still in use when it stopped near the level crossing and was hit by the unknown truck.

The court further reasoned that the accident had a connection with the use of the appellants' truck, as the victim had to get off the truck due to the collision, and it was necessary for the driver to inspect the damage before restarting the truck.

","The court allowed the appeal and held that the victim's death arose out of the use of the appellants' truck. The appellants were entitled to compensation under Section 163A of the Motor Vehicles Act, 1988, on a structured formula basis. The court directed the respondents to deposit the awarded compensation amount with interest in the Tribunal.
","The appellants argued that the victim's death was due to an accident arising out of the use of the truck. They contended that even though the victim was hit by the unknown truck after getting off their truck, the connection between the accident and the use of their truck was established. They relied on previous Supreme Court decisions and emphasized that Section 163A is a social welfare legislation and should be construed in favor of accident victims.

","The respondents contested the claim and denied their liability to pay compensation. They argued that the victim's death was not caused by an accident arising out of the use of their truck but was due to the impact of the unknown truck. They claimed that their truck was not directly involved in the accident, and thus, the appellants were not entitled to compensation under Section 163A.

"
16,"Tek Chand Behal And Anr. vs Khem Chand And Ors. on 31 October, 2007.txt","The case involves various scenarios where accidents happened before the enactment of the 1988 Act, but proceedings, including claim petitions and appeals, were initiated under either the 1939 Act or the 1988 Act.

","1. Whether Section 173 of the 1988 Act, which mandates a deposit for appeals, should be applicable to cases where accidents and awards occurred under the 1939 Act but an appeal was filed under the 1988 Act.
2. The proper interpretation of the right of appeal under the 1988 Act and its relation to the law prevailing at the time of the accident.

","The court examines various judgments and legal principles regarding the right of appeal, the applicability of Section 173, and the substantive nature of the right to appeal. It notes that the right to appeal becomes vested at the commencement of the proceedings and cannot be taken away except by express enactment or necessary implication.

The court considers the conflicting views on whether Section 173 should apply to cases under the 1939 Act and concludes that the provision should be applied in cases where claim petitions are preferred under the 1988 Act and where the appeal is filed under the new Act for accidents and awards that occurred before the 1988 Act.

","The court disapproves the view that Section 173 should not apply to appeals filed under the 1988 Act in cases involving accidents and awards under the 1939 Act. The court holds that the requirements of Section 173 should be complied with in such cases, and the appeal must adhere to the provisions of the 1988 Act.

The matter is remitted back to the learned Single Judge for further proceedings and disposal of the appeal on its merits.
","The petitioner contends that the requirements of Section 173 should not apply to cases where the accident and award occurred under the 1939 Act but an appeal was filed under the 1988 Act. The petitioner argues that the right to appeal is a substantive right, and it becomes vested when the proceedings are initiated. Thus, it should be governed by the law prevailing at the time of the accident, not by any subsequent amendments.

","The respondent argues that Section 173 of the 1988 Act should apply to all appeals filed under the new Act, regardless of the date of the accident or award. They assert that the deposit requirement is intended to provide immediate relief to victims and should not be limited by the date of the accident or award.

"
17,"The New India Assurance Co. vs Selvaraj on 17 February, 2010.txt","The petitioner, a power loom worker, was hit by a car driven by the first respondent's driver. The accident caused severe injuries, resulting in permanent disability. The petitioner filed a claim for compensation from both respondents under the Motor Vehicles Act. The first respondent did not enter appearance, and the second respondent (insurance company) contested the claim, denying the petitioner's averments and alleging the accident was caused by the petitioner's negligence.

","1. Who is responsible for the accident, and who is liable to pay compensation?
2. What is the quantum of compensation to be paid?

","The Tribunal examined the evidence and found that the accident was caused by the car's driver. The petitioner's medical records and witnesses supported the claim of permanent disability. The Tribunal applied the multiplier method to assess the compensation based on the petitioner's age, occupation, and the extent of disability. The Tribunal awarded compensation of Rs. 1,76,505/- with interest.

In the appeal, the insurance company challenged the multiplier method's application and the lack of sufficient evidence for the nature of injuries and treatment. The Court found the multiplier method used by the Tribunal erroneous and modified the compensation amount accordingly.

","The Court partly allowed the appeal, modifying the compensation awarded by the Tribunal. The Court awarded Rs. 87,505/- as compensation to the petitioner, along with 9% interest from the date of filing the claim petition till the date of payment. The Court imposed conditions for depositing the awarded amount and allowed the petitioner to withdraw the compensation subject to necessary formalities. The case was closed without any order as to costs.
","The petitioner argued that the accident was caused by the negligence of the car's driver. The petitioner presented medical evidence, including a Wound Certificate and Disability Certificate, to support the claim of permanent disability and loss of earning capacity. The petitioner sought compensation of Rs. 5,00,000/-.

","The second respondent (insurance company) denied liability, contending that the accident occurred due to the petitioner's negligence. The insurance company questioned the evidence provided by the petitioner, including medical records, and argued that the claim for compensation was excessive. They also raised objections to the assessment of permanent disability and the application of the multiplier method.

"
18,"The New India Assurance Company ... vs C. Padma And Anr. on 5 December, 1996.txt","The 1st respondent, C. Padma, filed a claim petition seeking compensation for injuries sustained in an accident that occurred on 18.2.1989. The petition was filed on 2.11.1995, nearly six years and ten months after the accident. The insurance company (revision petitioner) raised an objection to the claim being barred by limitation.

","1. Whether the claim petition filed after almost seven years from the date of the accident is barred by limitation.
2. Whether the amended Motor Vehicles Act (Act 59 of 1988) with retrospective effect, which prescribed no limitation, allows the claimant to file the application without considering the period of delay.

","The Tribunal and the court relied on the decision in Wilfred v. N.A. Maniyar, which held that there was no time limit for filing a claim petition under the new Motor Vehicles Act (Act 59 of 1988). The court also referred to its earlier decision in Dhannalal v. D.P. Vijayvargiva, which followed the principles laid down in Vinod Gurudas Raikar v. National Insurance Co. Ltd., 1991 A.C.J., 1060, and allowed compensation applications despite delay, as the amended Act did not specify any limitation and provided a welfare orientation for the benefit of accident victims.

","The court dismissed the revision petition, affirming the order of the Tribunal that allowed the claim petition to be numbered without considering the period of delay. The court relied on the rulings in Wilfred v. N.A. Maniyar and Dhannalal v. D.P. Vijayvargiva, which held that the amended Motor Vehicles Act with retrospective effect and no specified limitation allowed compensation applications to be filed without considering the period of delay.
","The insurance company argued that the claim petition was filed nearly seven years after the accident, making it time-barred under the provisions of the Motor Vehicles Act in force at the time of the accident. The insurance company contended that even though the amended Act (Act 59 of 1988) prescribed no limitation, the General Clauses Act and the Limitation Act provided a period of three years in the absence of any specified limitation under any other Act. Therefore, the claimant cannot be given the benefit of filing the claim beyond the period of three years.

","The respondent, represented by their counsel, relied on the ruling in Wilfred v. N.A. Maniyar, 1995 A.C.J. 673, and argued that there is no limitation under the new Motor Vehicles Act for filing a claim petition. They further submitted that the provisions of the Motor Vehicles Act were liberalized to award compensation to accident victims, and the absence of a specified limitation under the amended Act should be taken into account.

"
19,"Transport Corporation Of India vs The Transport Commissioner And ... on 21 August, 2002.txt","Various petitioners purchased vehicles from outside Andhra Pradesh and attempted to register them within the State. However, the Registering Authorities insisted on a Tax Clearance Certificate from the Commercial Tax Department for registration. The petitioners contended that this insistence was illegal and without jurisdiction.

","1. Whether the Registering Authorities can demand a Tax Clearance Certificate from the Commercial Tax Department for vehicle registration.
2. Whether Section 23 of the A.P. Tax on Entry of Motor Vehicles into Local Areas Act, 1996, is repugnant to Section 45 of the Motor Vehicles Act, 1988 (Central Act).

","The court finds that the Motor Vehicles Act, 1988, and the A.P. Tax on Entry of Motor Vehicles into Local Areas Act, 1996, are separate enactments by different authorities under different entries and lists. As they are independent enactments, the doctrine of repugnancy does not apply. The court cites a previous Supreme Court decision that upholds a similar Act in Maharashtra, which compensates for revenue losses due to vehicles purchased outside the State.

The court concludes that the insistence on producing a tax clearance certificate for vehicle registration is proper and dismisses the writ petitions.

","The Andhra High Court rules in favor of the Respondent (State) and upholds the validity of the Tax Clearance Certificate requirement for vehicle registration. It also confirms the validity of Section 23 of the A.P. Tax on Entry of Motor Vehicles into Local Areas Act, 1996, as it is intended to prevent tax evasion and compensate for revenue losses. The court dismisses the writ petitions, allowing the Commercial Tax Department to recover entry tax from the petitioners in accordance with the law.
","The petitioners argue that the Motor Vehicles Act, 1988, provides conditions for vehicle registration under Section 45, and failure to produce a tax clearance certificate is not one of them. Therefore, insisting on the certificate for registration is improper and without jurisdiction. Additionally, some petitioners claim that Section 23 of the A.P. Tax on Entry of Motor Vehicles into Local Areas Act is repugnant to Section 45 of the Motor Vehicles Act.

","The State contends that the A.P. Tax on Entry of Motor Vehicles into Local Areas Act, 1996, was enacted to prevent tax evasion and plug revenue leakage. As it is a State legislation under a separate entry and list, it is independent and not repugnant to the Motor Vehicles Act. The State justifies the collection of entry tax to compensate for revenue losses on vehicles purchased outside the State.

"
20,"United India Insurance Co. Ltd. vs Smt. Mehtab Bai And Ors. on 3 March, 1999.txt","The claimants (respondents) filed a petition under Section 163-A of the Motor Vehicles Act seeking compensation for the death of Jagdish, who was a conductor on a bus. The claimants alleged that Jagdish died due to the bus driver's rash and negligent driving, causing him to fall on the road and suffer fatal injuries. The United India Insurance Co. Ltd., as well as another party, contested the claim petition.

","1. Whether the provisions of Section 163-A of the Motor Vehicles Act, 1988, are applicable to the claim petition filed by the respondents, considering that the accident occurred before the amendment came into force.
2. Whether the Motor Accident Claims Tribunal was justified in treating the claim petition as an application under Section 163-A.

","The court considers whether Section 163-A of the Motor Vehicles Act, 1988, creates a new right for claimants and imposes new liabilities on non-petitioners. If so, the court applies the general rule that unless the statute explicitly makes it retrospective, it shall have prospective application.

The court analyzes previous decisions on similar provisions and distinguishes between statutes dealing with substantive rights and those dealing with procedural matters. It emphasizes that substantive rights statutes are generally prospective unless explicitly stated otherwise.

The court concludes that Section 163-A creates new rights for claimants and new liabilities for non-petitioners, similar to Section 140 of the Motor Vehicles Act. As there is no express provision for retrospective application, the court holds that Section 163-A is prospective and does not apply to accidents that occurred before 14th November 1994.

The court also criticizes the Motor Accident Claims Tribunal for erroneously treating the claim petition as an application under Section 163-A when it should have been considered under Section 166 of the Motor Vehicles Act.

","The court partly allows the appeal, quashing and setting aside the judgment of the Motor Accident Claims Tribunal. The case is remanded to the Tribunal, directing it to treat the claim petition as one under Section 166 of the Motor Vehicles Act. The court emphasizes that the amendment adding Section 163-A is not applicable to accidents that occurred before 14th November 1994. The parties are directed to bear their costs of appeal, and the deposited amount shall not be disbursed to the respondent-claimants until the judgment by the Tribunal.
","The appellant (United India Insurance Co. Ltd.) argues that Section 163-A of the Motor Vehicles Act, 1988, does not have retrospective application. They contend that the amendment creating new rights and liabilities should be prospective unless expressly made retrospective.

","The respondents (claimants) support the judgment passed by the Motor Accident Claims Tribunal. They cite the deletion of Sub-section (3) of Section 166 in the Motor Vehicles Act, which was held to be applicable to pending cases, as an example of retrospective application. They argue that Section 163-A should also be treated similarly.

"
21,"United India Insurance Company ... vs A. Govindan And Another on 21 January, 2000.txt","On 8th December 1989, while the respondents' claimants were traveling in a goods vehicle (lorry DTT 2126) to attend a marriage in a neighboring village, the lorry capsized, resulting in injuries to the claimants. The petitioner, United India Insurance Company Limited, contended that the claimants' use of the goods vehicle for carrying passengers to attend a marriage was a violation of the provisions of the Motor Vehicles Act and the terms of the insurance policy. Hence, the petitioner argued that it should not be liable to indemnify the owner of the lorry and pay compensation to the victims.

","The main issue before the court was whether the Insurance Company's liability to pay compensation to the claimants can be absolved on the grounds that the lorry, intended for carrying goods, was used to transport passengers in violation of the Motor Vehicles Act and the insurance policy.

","The court referred to various decisions in similar cases and the provisions of the Motor Vehicles Act, 1988. It observed that the purpose of the Act is to compensate a person who has suffered injuries and to provide means of subsistence to the heirs of a deceased person. The court emphasized that the provisions of the Act should be liberally construed to achieve these objectives.

The court cited previous judgments, including those of the Supreme Court, which held that insurance policies covering third-party risks are not required to exclude gratuitous passengers. The court also considered cases where passengers were carried in goods vehicles due to contractual employment with the owner of the vehicle or the hirer. The court held that breach of conditions regarding the number of passengers in goods vehicles beyond the prescribed limit, even if it occurred, should not be considered a fundamental breach to deny indemnification to the insured.

Based on the evidence presented, the court found that the accident was not caused by the passengers traveling in the lorry but was due to the negligence of the driver. The court concluded that the Insurance Company could not absolve itself of its liability to pay compensation to the claimants.

","The court upheld the award passed by the Motor Accident Claims Tribunal and dismissed all the appeals filed by United India Insurance Company Limited. The court held that the Insurance Company was liable to pay compensation to the claimants based on the facts presented, and it should not be allowed to escape its liability on the grounds of the number of passengers exceeding the prescribed limit.
","The petitioner, United India Insurance Company Limited, contended that it should not be liable to pay compensation to the claimants as the lorry was used to transport passengers (claimants) to attend a marriage, which was in violation of the provisions of the Motor Vehicles Act and the terms of the insurance policy.

","The respondents (claimants) argued that they had obtained specific permission from the owner of the lorry to travel in the vehicle along with their goods for the purpose of attending a marriage in a neighboring village. They contended that the accident occurred due to the negligence of the lorry driver, and the Insurance Company should be liable to pay compensation as awarded by the Tribunal.

"
22,"Western_Coalfields_Ltd._vs_State_Of_Maharashtra_And_Anr._on_16_September,_2003[1].txt","On September 20, 2002, an Excavator owned by Western Coalfields Ltd. was seized by the Regional Transport Officer, Nagpur, for not having valid documents. The petitioner claims that their heavy earth moving machinery is specialized for mining activities and cannot be used on ordinary roads.

","The main issue is whether the heavy earth moving machinery owned by the petitioner qualifies as a ""motor vehicle"" under the Motor Vehicles Act, 1988, and is liable for registration and tax payment under the Bombay Motor Vehicles Tax Act, 1988.

","The court examines the definitions of ""motor vehicle"" and ""construction equipment vehicle"" provided in the relevant laws, i.e., the Motor Vehicles Act, 1988, and the Central Motor Vehicles Rules, 1989. They note that the Central Rules, 1989, clearly include heavy earth moving machinery within the category of ""construction equipment vehicle."" Consequently, the court concludes that the petitioner's machinery falls under the definition of a ""motor vehicle"" and is, therefore, subject to registration and taxes under the Bombay Motor Vehicles Tax Act, 1988.

","The court dismisses the writ petition, upholds the seizure of the Excavator, and rules in favor of the respondent. They direct the petitioner to register the Excavator and pay the due tax within one month from the judgment date.





","The petitioner contends that their heavy earth moving machinery is not a ""motor vehicle"" as defined in the Motor Vehicles Act, 1988, and should be exempt from registration and taxes. They argue that the machinery is designed specifically for mining conditions and cannot be used on ordinary roads.

","The respondent argues that the heavy earth moving machinery falls under the definition of a ""construction equipment vehicle"" as per the Central Motor Vehicles Rules, 1989, and is, therefore, considered a ""motor vehicle"" under the Motor Vehicles Act, 1988. They justify the seizure of the Excavator based on its failure to produce valid documents.

"
23,"Union Of India (Uoi) vs Hareshbhai Tulsibhai Kanjiya on 17 August, 2004[1].txt","
The petitioner has challenged the order of the Motor Accident Claims Tribunal regarding interim compensation for an accident involving a motor vehicle and a train.
The petitioner claims that the Motor Accident Claims Tribunal lacks jurisdiction in cases where accidents involve trains carrying passengers and that the Railway Claims Tribunal should have jurisdiction instead.
The respondent (Insurance Company) argues that the Motor Accident Claims Tribunal does have jurisdiction in such cases and can decide them even if the railway authority is solely at fault.
","
Whether the Motor Accident Claims Tribunal has jurisdiction to entertain applications for compensation in accidents involving motor vehicles and trains carrying passengers.
Whether the Railway Claims Tribunal Act, 1987, prevails over the Motor Vehicles Act, 1988, in such cases.
","The court examines relevant provisions of the Motor Vehicles Act, 1988 (Section 140 and Section 2(28)) and the Railway Claims Tribunal Act, 1987 (Section 13) to determine jurisdiction. The court concludes that if an accident arises out of the use of a motor vehicle, the Motor Accident Claims Tribunal has jurisdiction to decide the case, regardless of whether a train or railway is involved. The court cites a previous judgment to support its reasoning, stating that once the jurisdiction of the Motor Accident Claims Tribunal is invoked and exercised, it cannot be ousted later based on findings of negligence of other parties.

","The court dismisses the petition, upholding the jurisdiction of the Motor Accident Claims Tribunal in cases involving accidents between motor vehicles and trains carrying passengers. The court finds that the impugned order passed by the Motor Accident Claims Tribunal is legally correct and in accordance with the law and facts of the case.
","The petitioner argues that the Motor Accident Claims Tribunal does not have jurisdiction in accidents involving motor vehicles and trains carrying passengers. They claim that the Railway Claims Tribunal Act, 1987, prevails in such cases, and the application should have been filed before the Railway Claims Tribunal.

","The respondent (Insurance Company) argues that the Motor Accident Claims Tribunal does have jurisdiction to decide cases involving accidents between motor vehicles and trains carrying passengers. They contend that even if the railway authority is solely negligent, the Motor Accident Claims Tribunal can still decide the case.

"
24,"Adapa Venkateswara Rao And Ors. vs Y. Venkataramana Reddy And Ors. on 20 November, 1992.txt","The original writ petitioner held a town service permit covering a 7 Km route from Guntur to Nallapadu. They sought a variation to extend the route by an additional 5 Kms from Nallapadu to Perecherla, making the total distance 12 Kms. However, the authority denied the variation, citing a government scheme that prohibited variations exceeding 5 Kms on the notified route.

","1. Whether the variation sought by the original writ petitioner was permissible under the government scheme.
2. Whether the rejection of the variation request violates the petitioner's constitutional rights.

","The court held that the variation sought by the petitioner would result in a route overlapping 12 Kms on the notified route, violating the government scheme's provisions. The court rejected the petitioner's argument that the existing town service should be saved, stating that it only applied to the existing town services operating on the notified route. The court found that the variation request exceeded 5 Kms from Nallapadu to Perecherla, making it ineligible under the government scheme.

","The court upheld the rejection of the variation request, finding it in violation of the government scheme. The court dismissed the petitioner's arguments and concluded that the decision of the authority was valid.

","The petitioner argued that the variation did not violate the government scheme as the route extension did not exceed 5 Kms from Nallapadu to Perecherla. They claimed that the existing town service on the notified route should be saved, allowing the requested extension.

","The respondent contended that the variation would be treated as an application for a new permit, and the government scheme prohibited variations exceeding 5 Kms on the notified route. They argued that the variation could not be granted as it would overlap with the existing mofussil service route.

"
25,"Ashish Gosain vs Department Of Transport _ Anr on 2 May, 2016.txt","The petitioner received a show cause notice to explain why his driving license should not be disqualified under Section 19(1)(f) of the Motor Vehicles Act. He sought better particulars and a personal hearing, but the respondent did not provide the necessary information. The Motor Licensing Officer suspended the petitioner's license without recording any reasons or considering the objections.

","1. Validity of the show cause notice for lack of relevant particulars.
2. Denial of opportunity of hearing to the petitioner.
3. Lack of reasons recorded in the suspension order.

","The court acknowledges the high number of road accidents in India and the need for strict measures against traffic violations. It supports the directions issued by the Supreme Court Committee on Road Safety for suspending licenses in specific cases. However, the court emphasizes that due process of law must be followed in implementing these directions.

The court finds merit in the petitioner's arguments that the show cause notice lacked relevant particulars, no hearing was provided, and the suspension order lacked reasons. It rules that the petitioner must be given an opportunity of hearing as mandated by Section 19(1) of the Motor Vehicles Act. The court also clarifies that the suspension of a license after compounding an offense does not amount to double jeopardy, as the authority can suspend the license under Section 19 irrespective of the compounding.

","The writ petition is allowed, and the case is remanded back to the respondent for affording an opportunity of hearing to the petitioner. The petitioner is to be provided with better particulars within two weeks, and he shall submit his response to the show cause notice within two weeks thereafter. After the hearing, the respondent will pass a fresh order, and the impugned order remains in abeyance until then. The petitioner is entitled to drive until the new order is passed. If dissatisfied, the petitioner can appeal to the appellate authority under Section 19(3) of the Motor Vehicles Act.

","The petitioner argues that the show cause notice lacks relevant particulars and the respondent did not provide the information despite his request. He also contends that he was not given a chance for a personal hearing, which is mandatory under Section 19(1) of the Motor Vehicles Act. The petitioner claims that no reasons were recorded in the suspension order, indicating non-application of mind by the respondent.

","The respondent argues that the Supreme Court Committee on Road Safety issued directions for suspension of licenses for certain offenses. The compounding of the offense under Section 200 of the Motor Vehicles Act does not prevent the licensing authority from suspending the license under Section 19. While admitting the lack of opportunity of hearing, the respondent asserts that they are following the directions of the Committee on Road Safety.

"
26,"C. Lakshmi Narain vs The Government Of Tamil Nadu on 12 July, 2002.txt","The Tamil Nadu government issued several Government Orders (G.O.s) on different dates increasing the minimum fare for autorickshaws due to rising costs of fuel, spare parts, and tires. The petitioner, who is the President of the Madras Auto Passengers Association, claims that he was not given sufficient time to present his grievances during the decision-making process.

","1. Whether the government's fixation of autorickshaw fares was valid and reasonable.
2. Whether the petitioner's claim of insufficient time for presenting grievances is justified.
3. Whether electronic meters should be mandated for all autorickshaws.

","The court observes that the government has the power to increase, modify, or vary fares for all motor vehicles, including autorickshaws, under Section 67 of the Motor Vehicles Act. The court finds that the government followed the legal procedure and considered relevant factors while fixing the autorickshaw fares. The court also notes that the petitioner did not challenge the constitutionality of Section 67 of the Act. The court emphasizes that the government should give notice to all concerned parties, including public and social organizations and passenger associations, before deciding on fare increases. Additionally, the court acknowledges the need for measures to prevent fare tampering, but electronic meters were found to be unsatisfactory.

","The court upholds the validity and reasonableness of the government's fixation of autorickshaw fares. It also suggests that the government should give notice to all concerned parties before making fare-related decisions. The court acknowledges the need for measures to prevent fare tampering but notes that electronic meters were found unsatisfactory. The writ petitions are disposed of, and no costs are awarded.

","The petitioner contends that the government's fixation of autorickshaw fares was arbitrary and did not consider relevant factors. They also argue for the installation of electronic meters in all autorickshaws to prevent fare tampering.

","The government argues that they followed the legal procedure under Section 67 of the Motor Vehicles Act, 1988, while fixing the autorickshaw fares. They claim that all relevant factors, including the views of various stakeholders, were taken into consideration before increasing the fares. The respondent also highlights that attempts were made to introduce electronic meters, but they were found to be unsatisfactory and were discontinued.

"
27,"Charanjit And Etc. vs R.T.A., Bikaner on 7 December, 1992.txt","The RSRTC prepared draft schemes under Section 68C of the old Motor Vehicles Act in respect of four routes, including the ones in question, and published them for inviting objections. The petitioners are private operators seeking to protect their rights or oppose the grant of permits on routes covered by draft schemes.

","1. Whether the draft schemes under Section 68C have overriding effect over the relevant provisions of the old Motor Vehicles Act?
2. Whether the R.T.A. Bikaner has jurisdiction to entertain applications for permits on routes covered by draft schemes?
3. Whether private operators have the right to object to the grant of permits on routes covered by draft schemes?

","The court rules that the draft schemes prepared under Section 68C have overriding effect over the relevant provisions of the old Motor Vehicles Act. However, it disagrees with the petitioner's contention that the R.T.A. lacks jurisdiction to entertain permit applications on routes covered by draft schemes. The court cites the Motor Vehicles Act, 1988, which introduced a liberalized policy of permit grants, making it clear that private operators can apply for permits at any time. The court concludes that private operators are not aggrieved parties as per the provisions of the Motor Vehicles Act, 1988, and that the R.T.A. can entertain and consider permit applications on notified routes.

","The writ petitions are dismissed summarily. The court rules that private operators do not have the right to object to the grant of permits on routes covered by draft schemes, and the R.T.A. Bikaner is not debarred from entertaining and considering such applications. If any party is aggrieved by the grant of permits, they can file a writ petition before the court.

","The petitioner argues that the draft schemes have overriding effect over the relevant provisions of the old Motor Vehicles Act and that the R.T.A. Bikaner lacks jurisdiction to entertain permit applications on the routes covered by the draft schemes. The petitioner also contends that private operators have no right to object to the grant of permits on routes covered by draft schemes.

","The respondent, R.T.A. Bikaner, argues that it has jurisdiction to entertain permit applications on the routes covered by draft schemes. They assert that the private operators are not aggrieved parties under the Motor Vehicles Act, 1988, and cannot object to the grant of permits on notified routes. They also highlight the liberalized policy of permit grants under Section 80 of the Motor Vehicles Act, 1988.

"
28,"Forbes Forbes Campbel And Co. Ltd. ... vs Vilasrao Deshmukh The Hon_Ble ... on 22 February, 1994.txt","1. The petitioner imports semi-trailers for unloading goods from ships at Bombay Port.
2. The imported trailers were not registered under the Motor Vehicles Act, and no tax was paid on them under the Bombay Motor Vehicle Tax Act.
3. The Taxation Authority assessed the petitioner for tax on the trailers, treating them as articulated vehicles.

","1. Whether the imported trailers should be treated as trailers simpliciter or articulated vehicles for taxation purposes.
2. Whether the petitioner is liable to pay tax on the trailers.

","The court analyzes the definitions of trailers, semi-trailers, and articulated vehicles under both the Motor Vehicles Act of 1939 and the Motor Vehicles Act of 1988. It concludes that the trailers in question fall under the definition of trailers simpliciter, and the tax should be assessed based on trailers' rates under the Bombay Motor Vehicle Tax Act. The court finds that the respondents' assessment treating the trailers as articulated vehicles is not in accordance with the law.

","The court sets aside the demand notice raised by the Taxation Authority and directs them to levy tax on the petitioner's trailers as trailers simpliciter in accordance with the provisions of the Bombay Motor Vehicles Tax Act. Any amount already paid by the petitioner can be adjusted against the new assessment, and any excess amount shall be refunded to the petitioner. The court also clarifies that during the assessment period, the interim orders protecting the respondents will continue.

","The petitioner argues that the imported semi-trailers should be treated as trailers simpliciter, as they do not fall within the definition of articulated vehicles under the Motor Vehicles Act. They are not self-propelled and are moveable only when attached to a tractor. The petitioner should be liable to pay tax on the trailers as trailers under the Bombay Motor Vehicle Tax Act.

","The respondent contends that the trailers should be treated as articulated vehicles. They consider the trailer and the tractor as a single unit and have assessed tax accordingly. The respondent believes that the petitioner is liable to pay tax on these articulated vehicles.

"
29,"Gurcharan Singh Baldev Singh vs Yashwant Singh And Ors on 15 November, 1991.txt","The appellant held a permit to operate a stage carrier on a particular route. He applied for the renewal of his permit under the Motor Vehicles Act, 1939, before the expiry date. The application was published, but before the renewal could be granted, the Motor Vehicles Act, 1988, came into force. The respondent, who had applied for a fresh permit on the same route, withdrew his application and filed a fresh one. The Regional Transport Authority allowed the renewal of the appellant's permit and rejected the respondent's application. The respondent challenged this decision, arguing that the right to seek renewal of a permit under the old Act did not survive the repeal and that the appellant's application became non-existent.

","The main legal issue is whether the application for renewal of the permit under the old Act continued despite the enforcement of the new Act, or whether it became extinct and non-existent.

","The court held that the right to seek renewal of a permit under the old Act was a civil right that was enforceable in law. It was not a mere inchoate right, but a right that accrued to the appellant upon his application for renewal and its notification. The repealing and saving provision in Section 217(4) of the Motor Vehicles Act, 1988, saved this right despite the repeal of the old Act. The court referred to the decision in The Brihan Maharashtra Sugar Syndicate Ltd. v. Janardan Ramchandra Kulkarni & Others and held that any proceeding pending under the repealed Act could be continued as per the General Clauses Act.

","The court allowed the appeal and set aside the High Court's order. It held that the application for renewal of the permit filed under the old Act continued to be valid and could be considered and decided in accordance with law under the new Act.

","The appellant argued that his application for permit renewal under the old Act was a right under the law, and this right continued under the new Act, as per the repealing and saving provisions. He relied on Section 217(4) of the Motor Vehicles Act, 1988, which saved any right, privilege, or obligation acquired under the repealed Act unless expressly provided otherwise.

","The respondent contended that the right to seek renewal of a permit was not a vested right but an inchoate right that ripens into a right only on being granted. As the old Act was repealed, the application for renewal became non-existent and could not be considered under the new Act.

"
30,"Harish Chand And Ors. vs Smt. Boti And Ors. on 30 May, 1997.txt","The case was referred to a Full Bench by a Division Bench to determine the liability of an insurance company for compensating persons injured or killed while traveling in a goods vehicle. The main question is whether the insurance company is responsible for paying compensation in such cases.

","The main issue is to decide whether the insurance company is liable to pay compensation for injuries or death sustained by persons traveling in a goods vehicle.

","The court interpreted the relevant provisions of the Motor Vehicles Act, 1988, and noted that there is a clear distinction between vehicles meant for carrying passengers and those solely for carrying goods. The Act does not provide for passengers to be carried in goods vehicles, and thus, there is no provision for insurance coverage for passengers in such vehicles.

The court held that the insurance company cannot be made liable for compensation in cases where passengers are traveling in goods vehicles, as it would blur the distinction between goods vehicles and public service vehicles. Moreover, if the vehicle owner violates the conditions of the permit by carrying passengers for hire or reward, the liability should rest with the owner rather than the insurance company.

","The court answered the first two questions posed by the Division Bench in the negative, stating that the insurance company is not liable to satisfy the award made by the Tribunal for injuries sustained or death caused while traveling in a goods vehicle. However, in cases where the owner of the goods is insured against any liability, the insurance company shall be liable to comply with the award. The court directed the cases to be listed before the appropriate Bench for decision on merits.

","The petitioner argued that the insurance company should be liable to pay compensation as the purpose of the Motor Vehicles Act is to provide succor to the needy and compensate victims of accidents. They contended that the provisions of the Act should be interpreted liberally to achieve the welfare state's objectives.

","The respondent argued that the insurance company should not be liable to pay compensation for injuries or death caused while traveling in a goods vehicle. They contended that the Act does not contemplate carrying passengers in goods vehicles, and therefore, there is no provision for insurance coverage for such cases.

"
31,"Hilal B vs The State Of Kerala on 26 March, 2012.txt","- The petitioner purchased a new car on 26th March 2012 and obtained a temporary certificate of registration on the same day.
- The petitioner paid the motor vehicle tax on 27th March 2012 for the period from 26th March 2012 to 31st December 2026.
- On 29th March 2012, the petitioner presented the vehicle for inspection and registration to the 2nd respondent.
- The 2nd respondent rejected the request for immediate registration and indicated that the fancy registration number could be allotted only on 2nd April 2012, as per the relevant instructions.
- The petitioner filed a writ petition seeking to quash the rejection of immediate registration and argued that any later revision of tax should not apply to the vehicle.

","- The main issue was whether the petitioner's vehicle should be registered immediately or only on the first day of the succeeding week as per the registering authority's decision.
- Another issue was whether the revision of tax, effective from 1st April 2012, should be applicable to the petitioner's vehicle, considering that he had already paid the tax on 27th March 2012.

","- The court analyzed the relevant provisions of the Kerala Motor Vehicles Taxation Act 1976 and the Motor Vehicles Act 1988.
- The court clarified that tax on a motor vehicle is levied at the rate specified in the schedule to the Taxation Act, and it is payable at the time of first registration of the vehicle.
- Temporary registration granted under Section 43 of the Motor Vehicles Act is not equivalent to first registration under Chapter IV of the Act. Temporary registration is valid for a limited period and not renewable, while first registration is permanent.
- The court also reviewed the rules for reservation of registration marks and found that the petitioner's application should have been disposed of in accordance with Rule 95(8) since there were no other applicants for the same registration mark.
- The court dismissed the contention that the petitioner's vehicle should have been registered before 1st April 2012, as the earliest time for registration, as per the rules, was the first working day of the succeeding week, i.e., 2nd April 2012.

","The court dismissed the writ petition, ruling that there was nothing illegal in the decision of the registering authority. The petitioner was liable to pay the revised tax rate applicable from 1st April 2012 to get his vehicle registered.

","- The petitioner argued that the tax rate applicable is the one prevailing on the date of the vehicle's purchase, not on the date of inspection or registration.
- It was contended that the vehicle should have been registered before 1st April 2012 since the tax was already paid and there were no other applicants for the registration mark applied for.
- The petitioner claimed that the registration was denied only to impose enhanced tax, which he deemed illegal and a violation of constitutional provisions.

","- The respondents supported the decision of the registering authority, stating that the vehicle could be registered only on 2nd April 2012, as per the instructions.
- They contended that tax is levied at the time of first registration, and the applicable rate is the one in force at that time, i.e., 1st April 2012.

"
32,"Hon_Ble Supreme Court In Sanspal ... vs . State Of Delhi, 1999, Cr.L.J 1A. on 21 December, 2013.txt","On February 6, 2011, at around 11:25 AM, the accused was driving his auto-rickshaw bearing registration number DL-1RL-8936 at PVR, Saket, Delhi. He had two foreign passengers who had obtained a pre-paid slip for their destination, but the accused demanded an extra Rs. 60 from them, claiming their actual destination was farther. When they refused to pay, he allegedly misbehaved with them and threatened them with a wooden stick. The challan officer present at the scene issued a challan against the accused for violating the MV Act.

","The main issues in the case are whether the accused overcharged and misbehaved with the passengers, leading to the violation of permit conditions under the MV Act.

","The court observed that the testimonies of the prosecution witnesses lacked corroboration and were inconsistent. None of the witnesses directly witnessed the alleged assault by the accused. The complainant passengers, who were foreign nationals, did not appear in court despite efforts to locate them. The court found that the prosecution failed to prove beyond reasonable doubt that the accused committed the alleged violations.

","As the prosecution failed to establish that the accused overcharged and misbehaved with the passengers, the court acquitted Rajesh Kumar Mishra of all charges under Sections 11.8/177, 11.3/177, and 66/192A of the Motor Vehicle Act, 1988. The accused was acquitted due to lack of evidence and inconsistent testimonies of the witnesses.

","The prosecution argued that the accused had overcharged and refused to drop the passengers at their destination, which constituted a violation of permit conditions. They presented the testimonies of four witnesses to support their case.

","The defense contended that there were inconsistencies in the testimonies of the prosecution witnesses. They argued that none of the witnesses directly witnessed the alleged violations by the accused. They also stated that the accused dropped the passengers at the location for which the pre-paid slip was issued and did not overcharge them.

"
33,"K.D. Mehta vs State Of Gujarat on 1 September, 2000.txt","Larsen & Toubro Ltd., an international company, owned various construction units across India and used different machines/equipment for executing turn-key projects. These machines were transferred between units for construction work in different locations. The RTO detained these machines at a check post, arguing they were motor vehicles subject to registration and taxes.

","The main issue is whether the machines in question qualify as motor vehicles under the Bombay Motor Vehicles Act, 1958, or if they are construction equipment exempt from such classification.

","The court examined the definition of motor vehicles/vehicles under the Motor Vehicles Act, 1988, and the specific exclusionary clauses. They analyzed each type of machine, such as cranes, pavers, excavators, wheel loaders, etc., to determine if they fell under the definition of motor vehicles. The court noted that none of the machines qualified for exclusion and concluded that they were non-transport vehicles and subject to taxes.

","The court rejected the petitions and upheld that the machines in question were non-transport vehicles, falling under the definition of motor vehicles and thus liable to taxes. The court allowed some flexibility regarding tax payment and vehicle release but affirmed the tax liability for these machines. Interim orders were also discharged, and no costs were awarded.

","The petitioner (Larsen & Toubro Ltd.) argued that the machines were not motor vehicles as defined in the Act and were only used for construction work. They contended that the machines were transported on trailers/trucks, not driven on roads, and should be considered construction equipment rather than vehicles.

","The RTO argued that the machines were motor vehicles and required registration and taxes under the Act. They pointed out that the Central Motor Vehicles Rules, 1989, classified cranes and dumpers as medium and heavy motor vehicles, and recent amendments defined construction equipment vehicles as non-transport vehicles but liable to taxes when used on roads.

"
34,"Lata vs United India Insurance Co. Ltd. ... on 27 October, 2004.txt","
The case involved an appeal filed under Section 173 of the Motor Vehicles Act, 1988, against an award passed by the Tribunal. The respondent filed cross-objections against the appellant's appeal, claiming that they had the right to do so.

","
Whether the respondent has the right to file cross-objections in an appeal filed under Section 173 of the Motor Vehicles Act, 1988?
Whether cross-objections partake of the right to prefer an appeal and are thus maintainable?
","
The court examined the provisions of the Motor Vehicles Act, 1988, and analyzed relevant judgments from the Supreme Court. They observed that while the Act does not specifically provide for the filing of cross-objections, the right to file cross-objections is a substantive right that partakes of the right to prefer an appeal. The court referred to the judgment in the case of Municipal Corporation of Delhi v. International Security and Intelligence Agency Ltd., (2004) 3 SCC 250, where it was held that the right to file cross-objections is the exercise of a substantive right of appeal conferred by a statute.

The court also examined the relevant rules framed by the State Government (Himachal Pradesh Motor Vehicles Rules, 1999) and found that they did not incorporate any provision regarding the applicability of Order 41, Rules 22 and 33 of the Civil Procedure Code to appeals filed under the Act. As a result, the court held that cross-objections are not maintainable in appeals filed under Section 173 of the Act.

","
The court held that cross-objections are not maintainable in appeals filed under Section 173 of the Motor Vehicles Act, 1988, as there is no provision in the Act creating such a right. They emphasized that the right to file cross-objections is a substantive right that can only be availed if the statute specifically provides for it. The court suggested that the State Government may consider amending the rules to incorporate provisions regarding the applicability of Order 41 of the Civil Procedure Code to appeals filed under the Act, if deemed appropriate.
","
The petitioner argued that there is no provision in the Motor Vehicles Act, 1988, that specifically allows the filing of cross-objections in appeals filed under Section 173. They contended that cross-objections are not maintainable as they are not provided for in the Act.

","
The respondent argued that cross-objections are maintainable as they partake of the right to prefer an appeal. They relied on various judgments, including one from the Supreme Court, to support their stance.

"
35,"Down By The Hon_Ble Supreme Court ... vs . Union Of India In Writ on 15 April, 2014.txt","
The accused was charged with violating guidelines and directions laid down by the Hon'ble Supreme Court of India regarding traffic control and regulation in Delhi. The alleged violations included overtaking another vehicle, not wearing a seatbelt while driving, and operating a vehicle without a valid fitness certificate.

","
Did the accused violate the guidelines and directions established by the Hon'ble Supreme Court of India?
Were the testimonies of the prosecution witnesses consistent and reliable?
Was there sufficient evidence to prove the accused's guilt beyond reasonable doubt?
","
The court carefully examined the testimonies of the prosecution witnesses and noted the inconsistencies and contradictions pointed out by the defense. The lack of independent public witnesses raised doubts about the credibility of the prosecution's case. The court considered the arguments made by both sides and concluded that the prosecution failed to prove the accused's guilt beyond reasonable doubt. The court emphasized that in criminal cases, the burden of proof rests entirely on the prosecution, and in this case, their evidence was insufficient to establish the accused's guilt.

","
Given the inconsistencies in the testimonies of the prosecution witnesses, lack of independent public witnesses, and the failure to establish guilt beyond reasonable doubt, the court acquitted the accused of all charges. The court emphasized the importance of a thorough and consistent presentation of evidence in criminal cases and reaffirmed that the burden of proof rests on the prosecution.

","
The petitioner, representing the prosecution, argued that the accused had committed violations as per the laid-down guidelines and directions. They presented two witnesses who identified the accused and testified to witnessing the alleged violations. The prosecution asserted that the witnesses' testimonies should be considered reliable despite the absence of independent public witnesses.

","
The respondent, represented by the defense, challenged the reliability of the prosecution witnesses' testimonies. They pointed out inconsistencies and contradictions in the witnesses' statements, including discrepancies about the position of the road, the number of vehicles overtaken, and the traffic conditions. The defense also highlighted that no independent public witnesses were joined and presented a witness who claimed that the accused was wrongly charged due to refusal to pay a bribe.

"
